AUC	accuracy	kappa	MCC	F1_score	sensitivity	specificity	precision	PPV	NPV
0.920628792057363	0.860162601626016	0.704194630872483	0.705866809546519	0.817021276595745	0.783673469387755	0.910810810810811	0.853333333333333	0.853333333333333	0.864102564102564
