AUC	accuracy	kappa	MCC	F1_score	sensitivity	specificity	precision
0.926943041526375	0.876436781609195	0.73405843463425	0.73519824288624	0.90249433106576	0.921296296296296	0.803030303030303	0.884444444444444
